{"cameraMode":{"drawMode":0,"name":"Shaded","section":"Shading Mode"},"sceneLighting":false,"audioPlay":false,"sceneViewState":{"m_AlwaysRefresh":false,"showFog":true,"showSkybox":false,"showFlares":true,"showImageEffects":true,"showParticleSystems":true,"showVisualEffectGraphs":true,"m_FxEnabled":true},"in2DMode":false,"pivot":{"x":-1.263552188873291,"y":1.454652190208435,"z":-1.6389247179031373},"rotation":{"x":0.042409904301166537,"y":0.35080328583717348,"z":-0.01590784080326557,"w":0.9353620409965515},"size":1.299038052558899,"orthographic":false}