{"cameraMode":{"drawMode":0,"name":"Shaded","section":"Shading Mode"},"sceneLighting":false,"audioPlay":false,"sceneViewState":{"m_AlwaysRefresh":false,"showFog":true,"showSkybox":false,"showFlares":true,"showImageEffects":true,"showParticleSystems":true,"showVisualEffectGraphs":true,"m_FxEnabled":true},"in2DMode":false,"pivot":{"x":-2.1178488731384279,"y":4.733114242553711,"z":2.1906487941741945},"rotation":{"x":0.03410552069544792,"y":-0.19922620058059693,"z":0.006936106830835342,"w":0.9793460965156555},"size":2.279083013534546,"orthographic":false}