{"cameraMode":{"drawMode":0,"name":"Shaded","section":"Shading Mode"},"sceneLighting":false,"audioPlay":false,"sceneViewState":{"m_AlwaysRefresh":false,"showFog":true,"showSkybox":false,"showFlares":true,"showImageEffects":true,"showParticleSystems":true,"showVisualEffectGraphs":true,"m_FxEnabled":true},"in2DMode":false,"pivot":{"x":1.4581550359725953,"y":1.1741567850112916,"z":4.664185523986816},"rotation":{"x":0.10514656454324722,"y":0.23081426322460175,"z":-0.025094494223594667,"w":0.9669826626777649},"size":5.595757484436035,"orthographic":false}